Index;in_spotify_playlists;in_spotify_charts;streams;in_apple_playlists;in_apple_charts;in_deezer_playlists;in_deezer_charts;in_shazam_charts;bpm;key;mode
1;553;147;141381703;43;263;45;10;826;125;B;Major
2;1474;48;133716286;48;126;58;14;382;92;C#;Major
3;1397;113;140003974;94;207;91;14;949;138;F;Major
4;7858;100;800840817;116;207;125;12;548;170;A;Major
5;3133;50;303236322;84;133;87;15;425;144;A;Minor
6;2186;91;183706234;67;213;88;17;946;141;C#;Major
7;3090;50;725980112;34;222;43;13;418;148;F;Minor
8;714;43;58149378;25;89;30;13;194;100;F;Major
9;1096;83;95217315;60;210;48;11;953;130;C#;Minor
10;2953;44;553634067;49;110;66;13;339;170;D;Minor
11;2876;40;505671438;41;205;54;12;251;83;F#;Minor
12;422;55;58255150;37;202;21;5;168;150;F;Minor
13;12211;115;1316855716;300;215;745;58;1,021;118;;Major
14;3528;98;387570742;80;156;182;24;1,281;130;D;Minor
15;23575;130;2513188493;403;198;863;46;;174;F#;Minor
16;8109;77;1163093654;183;162;161;12;187;89;G#;Major
17;2942;77;496795686;91;212;78;6;0;120;B;Minor
18;873;104;30546883;80;227;95;24;1,173;78;;Major
19;2610;40;335222234;43;100;54;14;187;100;B;Major
20;596;68;363369738;8;104;23;2;29;120;G;Major
21;332;26;86444842;11;163;10;4;0;140;F;Minor
22;516;38;52135248;73;119;42;1;150;123;F#;Major
23;12859;110;1297026226;24;98;582;2;73;135;;Minor
24;1945;87;115364561;74;182;87;14;1,093;99;C#;Major
25;250;26;78300654;16;149;10;5;168;130;G;Minor
26;7112;77;899183384;202;119;318;38;96;107;B;Major
27;859;40;61245289;35;109;41;14;211;122;F#;Minor
28;2420;19;429829812;52;107;15;1;325;204;F#;Major
29;2988;101;127408954;0;0;143;38;0;110;B;Minor
30;864;78;22581161;71;135;50;1;294;126;F;Minor
31;266;34;52294266;20;185;13;8;197;168;F#;Major
32;6036;88;843957510;113;149;245;23;27;98;C#;Minor
33;9082;56;999748277;242;142;165;9;310;97;E;Major
34;4284;49;618990393;115;123;184;18;354;180;E;Minor
35;1150;31;123122413;22;33;34;7;184;120;;Major
36;672;34;188933502;19;108;24;9;212;150;F#;Major
37;11434;53;1355959075;154;123;410;2;81;96;F;Major
38;7830;42;786181836;94;111;151;4;82;95;D;Major
39;584;28;176553476;16;159;15;6;100;125;F;Minor
40;692;25;354495408;10;107;6;3;62;144;A;Minor
41;24094;78;2808096550;372;117;843;4;69;90;D;Major
42;12482;80;1109433169;291;184;537;45;727;128;G;Minor
43;13387;64;1047101291;77;58;247;1;311;79;F#;Major
44;1117;80;65156199;82;145;65;16;1,133;144;;Major
45;3372;19;570515054;65;48;138;1;102;122;F;Major
46;8431;76;1085685420;241;127;458;37;332;140;;Major
47;2483;59;1647990401;68;21;24;0;259;134;C#;Minor
48;29536;79;2565529693;281;137;2,445;1;140;186;G;Major
49;3408;47;518745108;87;86;74;1;16;67;C#;Minor
50;1298;38;107753850;44;64;57;10;110;106;A#;Minor
51;4277;66;177740666;145;111;213;11;810;128;G;Major
52;1133;39;153372011;14;71;23;10;176;107;F#;Minor
53;2259;59;57876440;0;0;109;17;0;130;G;Minor
54;18371;83;1813673666;250;122;3,394;19;;123;E;Minor
55;43899;69;3703895074;672;199;3,421;20;;171;C#;Major
56;2649;42;256483385;67;79;57;1;615;137;G;Minor
57;6804;45;1214083358;139;111;161;15;210;125;G;Minor
58;525;41;16011326;34;115;39;6;216;128;;Minor
59;7923;29;812019557;106;112;142;4;215;130;;Minor
60;731;15;111947664;27;17;73;4;167;130;B;Major
61;5184;41;156338624;154;84;102;14;37;133;F;Major
62;3107;39;720434240;38;0;4;0;0;101;D;Major
63;4053;50;357925728;82;121;182;12;171;95;F;Minor
64;4637;38;674072710;63;79;89;11;16;98;C#;Minor
65;31358;43;1755214421;196;2;4,053;5;0;173;B;Major
66;3818;23;404562836;37;55;32;0;272;90;G#;Major
67;3506;56;373199958;105;64;169;8;529;198;A#;Minor
68;410;36;14780425;36;32;31;1;26;140;C#;Major
69;148;24;39578178;32;93;8;2;5;82;G#;Major
70;1004;35;54266102;42;80;58;3;169;130;C#;Minor
71;22543;63;2557975762;386;144;707;28;;81;B;Major
72;4511;36;751134527;70;58;109;18;230;94;C#;Minor
73;16413;61;2282771485;166;87;1,056;1;;124;A#;Major
74;33898;62;1592909789;233;0;4,095;9;0;138;F;Minor
75;3246;23;635412045;94;85;68;1;84;132;E;Major
76;8576;42;1230675890;216;108;331;26;154;131;D;Major
77;3618;38;585695368;47;74;80;14;194;168;F#;Minor
78;370;20;43857627;12;16;18;4;93;98;C#;Major
79;31123;55;2009094673;300;65;1,003;1;0;102;C#;Major
80;2790;30;600976848;60;96;71;0;115;101;A#;Major
81;267;9;39709092;9;6;25;2;72;130;F;Major
82;139;17;39228929;16;72;5;0;8;142;D;Major
83;17050;36;2665343922;492;99;798;31;0;170;C#;Major
84;2114;44;223633238;80;75;110;11;323;124;G#;Minor
85;17836;53;2887241814;440;125;1,8;0;;110;C#;Major
86;8870;43;1440757818;104;120;141;26;49;92;C#;Minor
87;6060;53;165484133;150;148;2,703;22;1,451;116;D;Major
88;641;50;58054811;1;52;8;0;1,17;129;A;Major
89;1446;12;157058870;57;97;35;0;429;98;G#;Major
90;804;25;95131998;29;76;24;0;162;172;C#;Minor
91;1962;38;250305248;28;89;29;5;82;150;D;Major
92;4875;23;685032533;19;45;0;0;10;136;A;Minor
93;31;39;38411956;2;107;8;0;0;88;C#;Minor
94;2175;23;144565150;69;145;69;2;478;143;D#;Major
95;2000;46;127567540;49;105;63;1;0;100;F#;Minor
96;2839;25;399686758;58;156;42;1;236;143;F;Major
97;20333;52;983637508;89;143;1,632;3;200;112;C#;Minor
98;674;47;118482347;20;106;25;4;78;93;G;Major
99;8448;23;882831184;160;110;163;0;5;206;G;Major
100;2110;58;286400165;17;119;19;2;266;88;G;Minor
101;2528;39;172825906;56;91;59;3;486;170;D;Major
102;12985;61;1241559043;49;98;2,394;5;204;84;E;Minor
103;77;35;29562220;8;166;4;4;34;134;E;Minor
104;266;27;77309611;6;40;6;6;202;158;A#;Major
105;21097;52;1605224506;384;135;1,034;37;312;116;C#;Major
106;3423;21;1116995633;41;100;59;1;32;117;C#;Major
107;4198;44;838079900;98;108;327;17;153;114;F;Minor
108;14739;43;1163620694;88;112;2,163;5;519;108;D;Minor
109;26792;32;1093605526;69;113;695;0;458;144;E;Minor
110;213;6;179659294;7;6;0;0;48;130;F;Major
111;58;18;39058561;2;106;4;2;184;116;B;Major
112;99;15;36912123;21;52;6;1;0;121;G;Major
113;41751;25;1205951614;101;32;2,655;0;666;112;G;Major
114;21164;36;1791000570;80;65;476;0;14;100;A#;Minor
115;2988;59;201660859;74;102;145;18;925;150;D#;Minor
116;893;38;248088961;19;23;24;3;88;120;F;Minor
117;1094;34;90839753;40;58;47;8;203;127;B;Minor
118;7324;22;607123776;25;81;61;1;44;90;F;Major
119;201;11;55842345;19;117;8;1;74;128;A;Minor
120;5120;48;211050784;161;115;246;9;638;143;A;Major
121;2346;27;342897938;69;12;38;8;64;139;G#;Major
122;763;26;2762;21;110;21;9;71;162;A#;Major
123;457;24;330346424;8;116;4;3;2;92;;Major
124;3430;38;601863821;45;69;52;4;3;95;F;Major
125;6074;52;1953533826;201;44;6,551;2;0;146;D;Major
126;21915;34;2322580122;437;115;1,212;12;;95;;Major
127;15032;30;2355719893;221;96;1,078;2;136;115;E;Minor
128;451;33;96273746;10;126;7;0;148;130;E;Minor
129;1783;27;430977451;26;124;15;1;22;127;A;Minor
130;9389;46;284819874;24;122;282;3;368;150;D;Major
131;13985;25;1217120710;30;80;588;1;1;140;;Major
132;1682;46;276259178;24;90;30;1;176;119;C#;Minor
133;182;8;54225632;3;88;1;0;52;110;G;Minor
134;16596;13;2559529074;7;0;2,094;0;0;95;G#;Major
135;2335;23;681583126;82;55;50;0;9;132;F#;Major
136;18986;23;2594040133;250;121;2,969;10;31;125;A#;Minor
137;283;7;81102253;6;9;26;1;66;124;D#;Minor
138;21081;43;1687664027;98;76;3,889;5;0;112;G;Major
139;437;31;11599388;17;29;26;3;208;97;;Major
140;1275;32;611700552;13;8;5;0;1;90;F;Minor
141;6135;38;1133865788;71;113;99;13;28;80;D#;Minor
142;20015;16;1089402494;107;69;5,239;0;558;172;A;Major
143;1507;14;411747614;24;71;44;1;195;120;E;Major
144;539;21;255932395;7;71;4;2;13;140;G;Minor
145;86;8;31873544;7;76;3;1;93;128;A;Minor
146;324;14;95053634;13;110;8;2;60;122;;Major
147;17138;37;1279434863;119;81;974;1;503;130;;Major
148;894;9;233801632;14;88;66;3;72;160;A;Major
149;1622;9;1481349984;0;0;356;0;0;144;F;Major
150;561;14;142095275;4;14;12;5;56;192;B;Major
151;5871;27;618885532;81;121;58;1;34;163;;Major
152;29215;43;2011464183;179;97;3,394;11;153;122;C#;Minor
153;5866;24;1167330737;107;38;95;0;;154;D;Major
154;3859;26;929964809;133;181;3;0;;117;A;Minor
155;961;26;436027885;19;143;10;6;15;138;G;Minor
156;6457;18;657723613;98;95;453;0;454;96;;Major
157;43257;24;2713922350;433;107;3,631;0;26;104;C#;Major
158;4564;16;621660989;24;101;113;0;40;164;G#;Major
159;12688;13;1591223784;197;115;112;0;200;118;;Major
160;13801;19;950906471;137;125;435;6;285;81;B;Minor
161;22439;19;1593270737;211;74;929;0;129;117;C#;Major
162;18515;35;1410088830;70;82;939;1;162;174;D;Major
163;36843;21;1235005533;321;91;4,607;1;58;128;C#;Major
164;2420;11;1661187319;0;0;806;0;0;145;;Major
165;5897;19;1374581173;0;0;885;0;0;150;C#;Minor
166;33783;26;1788326445;133;92;2,733;1;26;85;F;Major
167;26694;13;1840364617;65;82;3,425;4;13;180;D#;Major
168;356;16;143573775;35;102;8;1;117;166;C#;Major
169;6518;17;684675814;45;85;238;1;47;160;G#;Major
170;21335;13;1113838873;328;70;1,378;9;20;160;G;Major
171;23389;29;1267333350;54;70;1,089;2;1;92;D;Major
172;3202;18;726307468;148;80;226;24;0;170;;Major
173;32181;10;3562543890;33;0;6,808;7;0;96;C#;Minor
174;7124;18;1131090940;60;20;2;0;;120;G#;Major
175;592;14;307370144;11;84;6;1;30;98;;Major
176;36724;7;1271293243;146;72;6,807;5;80;92;G;Major
177;794;10;265882712;38;25;61;0;263;150;A;Major
178;13091;17;841749534;61;96;790;2;116;94;F;Major
179;67;8;47956378;7;10;0;0;57;90;E;Minor
180;21574;30;806397070;112;68;266;1;39;160;A;Major
181;19664;16;2132335812;391;73;633;3;37;120;;Major
182;21106;13;1641426668;82;0;2,946;0;0;109;F;Major
183;23804;31;2135158446;187;99;4,623;1;0;129;E;Minor
184;849;22;367316268;27;129;21;7;111;157;G;Major
185;2619;12;350381515;47;90;1;0;7;130;F#;Major
186;9037;42;1264310836;124;133;139;14;166;107;F;Minor
187;86;11;30343206;3;33;3;0;1;146;B;Minor
188;1788;14;405136812;1;50;19;0;19;139;A;Minor
189;15890;14;1145727611;71;37;653;0;167;116;;Major
190;492;36;540654286;4;3;19;0;0;95;F#;Minor
191;773;33;57312735;20;46;21;8;99;170;G#;Minor
192;1154;22;397582059;28;125;11;1;51;134;F#;Minor
193;44927;17;1479115056;34;0;5,108;6;0;84;F#;Minor
194;955;29;123124076;37;50;79;11;31;144;B;Major
195;995;19;463564958;12;117;9;5;3;136;B;Minor
196;178;6;64533040;6;71;1;0;31;100;E;Major
197;290;19;65496046;9;101;5;0;73;105;F;Minor
198;547;0;68616963;15;15;6;0;0;106;F;Major
199;681;10;161460990;15;92;21;2;26;132;D;Major
200;332;5;70106975;18;41;5;0;19;120;A;Major
201;1197;13;113509496;44;34;25;1;171;155;C#;Major
202;262;5;89933133;8;60;4;1;109;129;G#;Major
203;161;6;71007139;10;79;2;0;42;135;F;Minor
204;185;3;43522589;5;6;4;1;33;98;A#;Minor
205;839;18;232896922;20;110;20;0;69;124;A;Minor
206;2915;30;195576623;116;69;107;3;675;107;D;Major
207;5129;25;532336353;116;84;114;18;348;96;D;Major
208;3794;34;538115192;47;77;53;10;8;123;G#;Major
209;588;0;46142772;23;21;31;0;0;90;G#;Major
210;2959;16;401036314;41;69;38;0;36;117;F;Minor
211;291;8;127026613;8;78;4;1;1;133;A;Minor
212;2321;36;345031710;29;65;34;5;3;96;G#;Minor
213;536;10;288101651;10;72;8;3;14;149;G#;Major
214;359;2;60350538;1;0;9;0;0;110;F#;Minor
215;4096;6;335074782;118;48;143;0;240;105;F#;Major
216;349;69;76767396;8;96;5;0;56;105;C#;Major
217;381;5;46065667;23;82;6;0;113;134;B;Major
218;2461;36;459276435;47;66;45;5;6;170;E;Minor
219;277;1;39666245;1;20;5;0;1;81;F#;Major
220;967;5;138517666;7;29;51;1;29;154;F#;Major
221;8186;12;822633917;155;72;131;16;29;169;C#;Major
222;7842;10;595900742;215;88;330;26;23;115;G;Major
223;215;6;51985779;6;14;8;2;4;84;A;Minor
224;1134;22;57945987;39;14;48;2;3;93;G#;Major
225;1305;34;115010040;29;26;43;5;44;91;G;Major
226;2066;6;175097833;58;70;43;0;182;142;A#;Minor
227;896;0;57089066;34;2;33;0;1;126;C#;Major
228;3763;8;488386797;51;43;38;10;1;97;A#;Major
229;4004;33;1047480053;34;65;43;6;2;98;G;Minor
230;984;5;153454328;8;57;76;2;49;154;F#;Major
231;1240;24;217672943;51;29;63;4;54;120;A;Major
232;3995;13;457184829;72;27;47;0;0;150;B;Major
233;7681;13;939844851;119;66;1,145;2;;174;A;Major
234;4427;4;726434358;69;100;154;20;438;202;A#;Major
235;4657;18;573633020;84;84;42;0;23;153;B;Minor
236;10195;20;1406111294;258;87;657;22;9;142;F;Major
237;269;4;71573339;7;2;30;1;11;108;A;Minor
238;214;0;24975653;3;3;6;0;0;143;B;Major
239;845;2;145458418;12;57;47;1;33;108;D;Major
240;20763;27;1424589568;81;53;3,271;1;17;104;F;Minor
241;1267;20;231332117;41;22;56;4;84;93;F#;Minor
242;2585;32;415932686;3;79;21;1;54;105;F#;Minor
243;6330;6;988515741;109;42;158;3;31;170;G#;Major
244;675;1;50847624;9;13;11;0;1;178;C#;Minor
245;715;0;39893489;37;3;27;0;50;176;F#;Minor
246;327;13;92035115;14;110;9;0;49;104;E;Minor
247;244;12;118810253;6;84;10;2;9;85;G;Major
248;385;4;77233241;17;7;41;1;29;117;F#;Minor
249;1020;35;206399629;15;26;30;6;0;80;;Major
250;1730;3;117747907;46;5;51;0;20;98;F;Major
251;2127;33;266624541;45;80;53;8;4;178;C#;Minor
252;3242;9;293186992;67;55;48;0;6;148;A;Major
253;526;10;139681964;15;93;30;0;320;120;D;Major
254;366;15;123132751;16;102;7;0;55;122;E;Minor
255;472;2;103762518;0;0;6;0;0;144;F;Major
256;432;12;162887075;8;14;12;2;33;96;D;Major
257;271;12;91221625;16;103;9;0;55;137;G#;Major
258;816;4;190490915;21;4;13;0;4;121;F#;Minor
259;1169;0;96180277;36;65;28;0;0;119;A;Minor
260;1282;6;185240616;26;6;19;0;5;96;D;Major
261;6587;34;885093467;114;104;147;11;20;111;C#;Major
262;1444;4;104992946;0;0;0;0;0;148;A;Major
263;356;10;147290338;4;64;4;2;37;182;A;Major
264;10147;30;1302184087;234;71;543;18;;141;D;Major
265;265;6;158950978;8;84;5;1;4;145;E;Minor
266;351;9;76910644;16;90;10;0;64;110;B;Minor
267;158;4;137123880;5;6;1;1;18;134;G;Major
268;7613;33;782369383;180;90;422;15;55;130;G;Major
269;3956;6;502574952;142;23;127;3;16;145;A#;Major
270;1638;10;207033255;0;0;21;0;0;130;B;Minor
271;924;18;404887295;17;80;22;9;38;173;;Major
272;1985;35;381161027;34;26;37;5;1;92;B;Minor
273;6339;13;466231982;3;1;36;1;37;105;F;Minor
274;1561;24;357580552;18;78;24;0;30;175;G;Minor
275;875;4;61105704;17;13;27;0;43;120;G;Minor
276;406;5;198275403;3;31;2;1;0;139;D#;Minor
277;340;13;168448603;4;71;16;1;9;132;;Minor
278;4188;15;705469769;30;70;142;0;27;114;A#;Major
279;105;0;34502215;5;9;5;0;0;145;B;Minor
280;1524;17;482175240;53;120;62;0;2;110;;Major
281;2651;30;304118600;21;55;32;3;0;94;G#;Major
282;11087;6;1449799467;151;107;801;1;105;134;C#;Major
283;373;19;173627354;4;72;5;0;5;120;G;Major
284;200;4;90025258;8;77;2;1;1;123;G;Minor
285;3741;17;652704649;156;35;110;19;0;131;A#;Major
286;32502;21;1829992958;247;54;5,567;1;51;171;D;Major
287;7615;14;655466831;18;51;1,005;0;0;130;E;Minor
288;1208;34;146409671;10;41;20;0;1;94;B;Major
289;209;4;95816024;4;45;11;2;24;89;G;Minor
290;1235;9;117206995;20;8;15;0;6;87;F;Minor
291;1479;0;80758350;23;0;18;0;33;78;G#;Major
292;4942;26;325592432;190;104;147;18;63;120;G#;Major
293;709;0;58473276;8;1;13;0;0;96;F#;Minor
294;660;0;52722996;22;7;11;0;78;106;G;Major
295;489;17;191945597;4;11;5;1;2;170;D;Minor
296;407;0;77377503;16;15;5;0;1;134;B;Minor
297;7461;8;743693613;166;42;199;16;58;115;A#;Major
298;993;4;267789608;30;84;88;1;28;130;F#;Major
299;9161;5;1221813483;240;98;468;3;10;118;;Major
300;3282;12;449701773;67;84;46;16;117;110;G;Major
301;596;0;67070410;29;9;12;0;52;100;A;Major
302;320;6;116334601;5;48;2;1;9;142;G;Minor
303;2612;4;433356509;19;29;21;0;0;140;;Major
304;2040;4;165584767;81;27;66;9;444;116;G;Major
305;2128;9;367814306;37;88;9;0;14;120;A;Major
306;2598;37;477033549;28;57;43;8;85;92;F;Minor
307;542;2;156214700;23;2;21;0;0;110;G#;Minor
308;2459;20;448843705;20;68;50;0;22;120;A#;Major
309;10624;17;1357608774;21;0;386;0;;80;G#;Major
310;2418;26;294352144;52;66;55;1;16;115;F;Minor
311;7536;7;972164968;44;19;135;0;6;76;A#;Major
312;10431;7;920045682;71;53;181;0;10;172;F#;Major
313;15722;16;2420461338;231;37;1,509;0;13;99;A#;Major
314;25744;4;1947371785;122;94;1,992;0;18;136;;Minor
315;1640;0;244658767;27;27;29;1;1;150;G#;Minor
316;34;0;68216992;0;0;0;0;0;92;A#;Minor
317;1845;16;223582566;20;8;30;2;0;95;C#;Major
318;3301;30;471819764;72;64;64;6;3;102;B;Minor
319;1911;0;272377463;23;71;14;0;9;145;;Minor
320;20111;5;1361425037;39;0;7,341;0;0;110;A;Major
321;1529;0;149778242;32;18;39;2;0;95;;Major
322;615;2;116599790;22;82;8;0;9;94;B;Minor
323;811;4;148469433;11;58;5;0;21;142;G;Major
324;5730;10;497225336;108;16;197;3;165;145;F#;Minor
325;356;4;88791109;4;20;0;0;0;121;F#;Minor
326;604;6;125917280;22;101;0;0;66;140;D#;Minor
327;1190;0;105062254;29;3;18;0;19;137;C#;Minor
328;579;0;95623148;11;54;0;0;103;104;G#;Major
329;1553;2;144584800;61;6;48;0;150;92;F;Major
330;2301;20;298063749;49;23;110;0;8;146;D;Minor
331;134;4;166570053;4;6;0;0;23;120;D;Major
332;430;0;83021468;15;17;0;0;0;144;D;Major
333;86;0;139836056;11;101;0;0;48;94;A;Major
334;629;14;303216294;32;3;9;0;0;94;G#;Major
335;1701;15;221409663;30;15;34;2;47;113;G;Minor
336;329;0;58890931;14;35;1;0;0;148;E;Major
337;1168;0;81419389;45;11;20;0;21;98;C#;Major
338;162;6;156777415;1;10;1;0;1;140;B;Major
339;2536;6;284908316;59;100;58;13;2;100;G;Major
340;387;11;93438910;11;15;14;3;1;140;F#;Major
341;892;17;363472647;20;119;12;2;7;100;E;Minor
342;3909;0;372476382;66;26;277;3;734;100;A;Minor
343;3645;15;380726517;118;34;150;4;19;132;;Minor
344;282;0;56533272;6;15;0;0;0;142;D;Major
345;888;22;175399345;11;24;7;1;7;176;E;Minor
346;968;4;203221468;16;53;1;0;61;140;F#;Major
347;25065;6;1624165576;63;0;6,808;2;0;105;D#;Minor
348;531;4;134294498;20;1;71;2;0;135;F;Major
349;242;0;70069745;12;2;13;0;4;128;E;Minor
350;5281;14;609293408;94;21;80;15;38;101;F;Major
351;2590;30;671365962;20;64;35;6;0;122;A#;Major
352;1769;34;362361576;16;19;21;3;4;105;;Minor
353;454;4;93587665;6;1;21;0;1;83;C#;Major
354;6180;7;1223481149;122;88;580;21;10;77;B;Minor
355;3600;11;1022258230;7;0;203;0;2;140;B;Minor
356;1254;6;263453310;26;69;73;2;6;158;C#;Major
357;6398;31;1435127549;177;109;305;3;5;176;G;Major
358;660;15;236857112;19;59;18;5;52;98;B;Major
359;1283;0;147538971;57;4;48;0;0;107;B;Minor
360;8084;6;698086140;45;115;218;1;221;109;F;Minor
361;2332;2;723894473;0;0;25;0;0;109;A#;Minor
362;203;0;34450974;5;9;0;0;0;148;;Major
363;685;14;403097450;24;94;9;0;23;158;F#;Minor
364;2460;13;309483971;53;7;56;3;1;94;F;Minor
365;288;6;319566866;11;80;1;0;8;96;F#;Minor
366;4572;33;909001996;74;113;85;9;2;100;F;Minor
367;6127;13;1061966512;0;0;0;0;0;105;A;Major
368;166;0;32526947;2;10;0;0;0;125;;Major
369;1838;0;124988687;105;41;114;1;59;170;F#;Minor
370;1890;0;103787664;86;1;49;0;9;115;;Major
371;2098;16;134255790;88;24;101;7;451;122;G#;Major
372;761;12;301051721;23;95;11;0;3;105;A#;Minor
373;1225;0;156338624;27;0;28;13;0;133;F;Major
374;415;2;152850295;15;40;21;1;15;100;;Major
375;3469;0;309653982;71;95;31;0;2;120;D#;Minor
376;3311;0;297328960;129;31;212;1;41;177;A;Major
377;2616;0;332506354;113;17;208;0;192;142;D;Minor
378;4260;0;1065580332;113;92;259;0;1;120;B;Minor
379;4013;10;445763624;107;44;750;22;;107;B;Major
380;138;4;1365184;13;78;2;0;0;105;G;Major
381;1368;0;184308753;12;1;11;0;8;108;F#;Minor
382;17852;4;789753877;69;76;335;0;;147;;Minor
383;889;20;323358833;11;78;35;0;21;115;;Major
384;4796;9;606361689;124;66;212;13;1;174;F;Major
385;658;6;120972253;33;7;53;2;0;90;A#;Minor
386;3009;2;338564981;68;89;65;0;25;141;E;Minor
387;17492;3;1606986953;136;24;1,959;0;30;82;F;Major
388;6170;7;1301799902;82;1;231;0;2;92;F;Major
389;130;4;140187018;21;79;2;0;0;116;G#;Minor
390;27705;10;1897517891;537;122;2,726;6;;124;A;Minor
391;359;0;107642809;12;56;13;0;13;125;A#;Minor
392;1963;16;551305895;57;119;77;1;13;90;;Major
393;5491;14;556585270;128;84;75;0;35;83;C#;Major
394;27119;0;2303033973;532;77;1,535;3;8;124;B;Minor
395;1776;14;646886885;1;9;3;0;0;140;G#;Major
396;1473;4;222612678;27;64;66;1;4;154;;Major
397;13315;0;1814349763;300;47;690;0;;150;D#;Minor
398;4057;8;872137015;78;21;240;1;52;186;E;Minor
399;3045;6;571386359;43;53;134;1;32;166;G#;Minor
400;3006;12;304079786;54;32;66;2;0;107;;Major
401;852;0;174006928;14;1;50;0;0;87;G;Major
402;2163;15;284785823;72;97;58;0;154;82;G#;Major
403;1484;0;163284000;22;51;12;0;0;114;A;Minor
404;1703;0;246390068;38;45;36;16;0;148;G#;Major
405;4169;44;482257456;57;44;183;1;11;140;F#;Major
406;1054;0;168684524;9;0;15;0;1;101;G;Major
407;2849;0;78489819;39;45;27;0;1;140;C#;Minor
408;1602;0;195516622;12;22;12;0;2;88;G;Minor
409;9644;28;1260594497;120;86;164;4;0;180;C#;Major
410;4827;0;428685680;104;17;76;9;2;133;D;Major
411;21811;0;1024858327;117;1;676;3;0;108;A#;Minor
412;168;0;838586769;0;0;5;0;0;80;F;Minor
413;688;0;199386237;14;1;17;0;2;75;B;Minor
414;10565;44;972509632;238;122;557;17;58;121;F#;Minor
415;1612;0;213438580;34;54;34;0;2;140;D;Minor
416;12755;8;1555511105;344;97;945;15;;126;B;Minor
417;574;4;210038833;38;101;26;0;0;102;C#;Major
418;2499;0;227918678;70;0;49;0;0;82;A;Major
419;10426;2;826623384;133;109;182;1;10;121;C#;Minor
420;15894;8;1802514301;198;13;544;0;60;103;F#;Minor
421;9424;0;1329090101;202;50;463;4;;108;F;Minor
422;713;7;181831132;2;4;6;0;0;85;F;Minor
423;7758;28;462791599;173;79;175;0;168;125;C#;Minor
424;292;6;366599607;26;98;4;0;0;94;;Major
425;323;0;90598517;4;0;14;0;0;130;F#;Minor
426;14143;4;1479264469;56;38;1,891;1;;110;E;Major
427;25653;0;1449779435;387;132;2,094;0;;150;G;Major
428;22153;0;1159176109;274;111;1,302;0;;107;B;Minor
429;14994;0;769213520;191;168;206;0;;140;G#;Major
430;10326;0;741301563;165;99;104;0;;119;D;Major
431;12353;0;807561936;35;0;549;0;0;93;E;Major
432;9408;0;834129063;231;106;439;0;;133;G;Major
433;8879;0;663832097;182;107;160;0;1;202;G;Major
434;6512;0;446390129;88;1;277;0;0;134;C#;Major
435;5140;0;690104769;85;110;500;0;;105;C#;Major
436;6596;0;485285717;144;99;251;0;0;160;G#;Major
437;3788;0;520034544;21;3;10;0;0;148;D;Major
438;7655;0;476244795;5;0;291;0;0;151;G;Major
439;9577;0;629173063;195;111;310;0;0;162;F#;Minor
440;10114;0;404664135;114;74;262;0;0;92;D;Major
441;1007;0;98709329;5;31;1;0;0;152;C#;Major
442;1127;0;110849052;16;63;8;0;0;65;A;Minor
443;10829;0;460492795;130;1;390;0;0;147;D;Major
444;1042;0;94005786;7;29;3;0;0;150;A#;Minor
445;7930;0;395591396;108;120;73;0;0;140;;Major
446;11500;0;389771964;140;72;251;0;0;139;C#;Major
447;1685;0;403939487;1;0;29;0;0;95;B;Major
448;14169;0;481697415;209;30;449;0;0;115;;Major
449;1634;0;110073250;16;20;4;0;0;125;F#;Major
450;906;0;88092256;6;21;3;0;0;76;;Major
451;1087;0;351636786;90;35;5;0;0;101;C#;Minor
452;10585;0;473248298;126;108;406;0;0;143;D;Major
453;827;0;73981293;6;18;1;0;0;119;G;Minor
454;1420;4;155653938;13;87;17;0;46;78;A;Major
455;11940;0;395591396;73;79;123;0;0;96;A;Major
456;888;0;429504768;50;0;6;0;0;180;A;Major
457;9122;0;242767149;121;58;212;0;0;126;D#;Major
458;892;0;65362788;3;17;2;0;0;150;F;Major
459;989;0;67540165;5;9;1;0;0;90;D;Major
460;819;0;62019074;14;22;0;0;0;160;F;Major
461;2209;0;135723538;72;90;141;0;0;114;;Major
462;6290;0;295998468;89;39;158;0;0;113;G;Major
463;6952;0;261116938;115;53;286;0;0;147;;Major
464;313;2;136689549;10;6;7;1;9;100;B;Minor
465;353;2;135611421;2;74;14;0;2;155;G#;Major
466;4094;0;356709897;66;96;43;0;0;107;G;Minor
467;880;0;110649992;3;7;10;0;0;112;G#;Major
468;573;0;301869854;1;0;18;0;24;166;C#;Major
469;3299;0;127027715;65;39;41;0;0;107;F#;Minor
470;811;0;57144458;6;11;3;0;0;81;G#;Major
471;899;0;56870689;2;14;2;0;0;150;C#;Major
472;2415;0;323437194;33;57;30;0;11;110;A;Major
473;2304;0;317726339;12;16;14;0;0;108;G;Major
474;1003;0;116144341;21;0;44;0;0;130;E;Minor
475;2699;0;328207708;39;35;22;2;0;164;G;Major
476;2482;20;608228647;27;77;22;2;0;114;B;Minor
477;2577;0;180577478;108;56;30;0;0;93;F;Major
478;6821;34;809306935;83;58;128;7;0;90;C#;Minor
479;714;0;49262961;0;9;2;0;0;128;B;Major
480;3185;4;614555082;38;64;37;3;36;97;A;Major
481;8612;0;245350949;120;30;52;0;1;152;G;Minor
482;4326;0;178660459;32;3;65;0;0;175;G#;Major
483;680;0;51641685;2;15;1;0;0;116;D;Major
484;398;0;78139948;2;2;6;0;2;80;F;Minor
485;3328;13;322336177;39;50;57;3;1;93;B;Minor
486;7215;0;1007612429;170;12;575;18;;122;E;Major
487;4440;0;326792833;81;77;133;0;;122;G;Major
488;2881;6;391251368;13;89;34;0;3;135;A;Minor
489;2235;0;349585590;65;7;70;16;6;109;F;Major
490;3711;0;339659802;49;88;62;0;;93;;Minor
491;12403;0;674772936;183;63;465;0;11;125;B;Minor
492;2785;0;432719968;95;89;44;0;;206;;Minor
493;14114;17;1309887447;252;109;965;20;;130;G;Major
494;1915;0;119238316;7;47;15;0;0;121;G;Minor
495;2297;0;116903579;11;29;14;0;0;123;F#;Minor
496;4375;0;888046992;24;0;396;0;0;122;B;Minor
497;2800;0;200660871;18;77;61;0;1;143;;Major
498;2597;0;130655803;17;80;38;0;0;121;A#;Minor
499;15563;6;1887039593;259;55;461;1;;166;F#;Minor
500;1292;0;101114984;3;18;14;0;0;87;E;Minor
501;15867;0;1575467011;382;65;497;0;12;111;G#;Major
502;1178;0;91656026;9;10;9;0;0;110;D;Major
503;6672;0;1042568408;125;36;150;0;;130;C#;Major
504;12329;0;1735441776;275;19;738;0;;179;G#;Minor
505;5669;2;726837877;74;0;262;14;;93;F;Minor
506;811;0;53933526;1;8;6;0;0;78;A;Minor
507;1756;0;267758538;38;48;20;0;0;180;D;Major
508;1014;0;74601456;1;17;11;0;0;86;A;Minor
509;7963;0;920797189;173;7;298;0;4;88;C#;Minor
510;4771;0;539595276;68;18;75;0;1;97;C#;Major
511;8559;0;1367810478;183;64;964;9;75;134;B;Minor
512;3221;2;578207856;67;13;139;0;40;116;D;Major
513;3423;26;775542072;61;65;53;6;0;170;E;Minor
514;2566;13;863625566;44;109;131;0;;140;C#;Minor
515;9151;6;656013912;240;107;268;0;5;118;G;Minor
516;8476;0;1056760045;138;133;283;0;;65;;Major
517;7495;17;611994237;114;172;284;2;;120;;Minor
518;5257;6;1230855859;85;43;134;0;;176;D#;Major
519;1795;0;582981380;34;23;118;0;;180;G#;Minor
520;12685;3;1858144199;185;61;485;0;;144;A#;Major
521;648;1;240684449;14;3;81;0;0;133;F#;Minor
522;4635;5;583687007;50;49;30;1;2;93;;Major
523;1184;0;63803529;1;5;6;0;0;122;A#;Major
524;4431;0;466214729;105;7;199;0;0;88;C#;Major
525;759;3;236940480;32;0;12;0;0;170;F;Minor
526;733;0;41924466;0;2;2;0;0;94;F;Minor
527;2795;0;225259194;45;0;107;0;0;170;A#;Major
528;2780;2;393230256;54;21;57;1;0;90;E;Minor
529;1950;0;287201015;56;8;104;0;10;78;G;Major
530;3947;12;599770206;33;102;93;0;30;94;D;Major
531;2551;0;342779426;52;15;35;0;1;73;D;Major
532;5375;10;673801126;138;24;133;0;1;176;C#;Major
533;11975;8;1168642797;188;75;268;6;16;128;D#;Minor
534;2696;0;540539717;42;2;57;0;;120;G#;Major
535;4963;0;383550148;63;40;76;0;0;82;D;Major
536;6734;0;530511203;47;14;90;0;1;95;D;Major
537;715;0;37307967;0;1;2;0;0;118;;Major
538;3047;9;510876816;77;31;85;5;28;123;B;Minor
539;14140;0;1445941661;231;52;612;6;;90;;Major
540;11215;21;1763363713;189;166;525;9;25;110;E;Minor
541;2035;0;108809090;41;122;394;0;2;88;D;Minor
542;2780;2;436695353;86;76;59;0;16;98;A;Minor
543;4091;0;421040617;105;2;73;13;1;110;;Minor
544;2868;0;501541661;43;15;116;0;;80;;Major
545;3643;0;354065229;69;3;70;0;3;110;C#;Minor
546;4779;6;1143647827;180;135;223;0;5;110;G#;Major
547;3517;0;311395144;54;28;43;0;0;78;C#;Minor
548;5073;0;672656250;83;9;100;0;4;129;G#;Major
549;7545;4;1256880657;117;39;141;0;46;181;A;Major
550;8528;5;1692897992;239;163;583;0;;114;F#;Minor
551;2979;0;245095641;44;0;159;0;0;144;D;Major
552;7731;2;686734357;110;145;447;0;46;101;D;Major
553;1057;0;261414174;17;5;21;0;0;84;D;Major
554;3272;19;610045621;101;34;70;1;2;154;F#;Major
555;14417;0;1115880852;237;123;569;0;10;148;F;Major
556;5199;0;594482982;45;43;45;0;3;146;F;Minor
557;6026;0;566954746;171;51;187;1;21;120;B;Minor
558;2877;0;BPM110KeyAModeMajorDanceability53Valence75Energy69Acousticness7Instrumentalness0Liveness17Speechiness3;16;0;54;0;0;110;A;Major
559;4640;3;374706940;81;93;507;6;4;136;;Minor
560;1150;0;184937148;20;38;12;0;0;141;C#;Major
561;768;0;31959571;1;1;3;0;0;108;A;Minor
562;925;0;167076418;24;47;74;0;0;94;;Major
563;3006;3;824420218;23;21;121;0;13;180;A;Major
564;3098;0;363467642;111;5;182;1;0;122;A#;Major
565;9771;4;1127468248;42;70;384;0;3;85;A#;Major
566;807;0;60680939;3;0;5;0;0;148;C#;Major
567;521;1;247737946;17;89;11;0;0;120;A;Major
568;12854;0;1699402402;237;27;636;0;;91;G;Minor
569;802;0;154797871;13;27;8;0;0;120;E;Major
570;731;0;198883004;14;14;24;0;4;106;;Major
571;788;0;124407432;13;0;32;1;0;110;A#;Major
572;3069;4;850608354;25;46;105;0;45;169;F#;Major
573;4651;0;376333030;24;6;105;0;0;118;C#;Major
574;4999;0;516784627;43;19;73;12;0;92;G#;Minor
575;8327;24;1608045237;205;130;625;0;25;112;D#;Major
576;3297;3;506778838;25;3;52;0;1;140;D;Major
577;35684;6;1472799873;195;125;6,28;2;78;105;G#;Major
578;3506;10;513643924;103;76;100;1;1;178;F;Major
579;2999;0;261286503;60;17;154;0;22;108;G;Minor
580;3681;0;783706581;20;21;99;0;7;173;A;Major
581;4846;10;422691058;54;16;259;0;13;101;C#;Major
582;14311;0;1062345656;255;32;582;0;14;120;G#;Minor
583;8207;0;1252563873;175;55;95;0;2;144;;Major
584;4873;0;851070493;65;88;434;3;13;133;C#;Major
585;772;0;263894529;7;3;89;0;0;158;G#;Minor
586;1150;0;345903614;20;99;44;0;2;120;A;Major
587;5398;4;951637566;111;127;210;0;37;129;;Major
588;7370;0;956865266;92;127;1,219;0;62;102;G;Major
589;6890;0;427486004;122;11;201;0;1;124;G#;Minor
590;1966;0;156658366;4;2;50;0;0;90;E;Minor
591;2226;0;624515457;29;0;44;0;0;161;F#;Minor
592;4204;0;777765388;39;45;250;0;0;120;G;Major
593;1959;0;412795151;19;0;38;0;0;81;;Major
594;7191;0;1138474110;146;18;478;0;7;150;E;Minor
595;2012;0;355219175;101;12;38;0;0;105;G#;Major
596;1211;2;290228626;30;2;5;0;6;79;F#;Major
597;7109;2;1062956628;5;0;862;0;0;146;C#;Minor
598;6638;0;1180094974;167;19;318;0;1;124;E;Major
599;17354;8;1456081449;92;122;1,282;0;55;126;F#;Major
600;6392;0;432702334;174;73;344;0;0;121;G#;Major
601;5481;0;489945871;144;30;86;0;0;136;B;Minor
602;2636;3;465959382;36;82;39;0;5;102;A;Minor
603;824;0;1223481149;8;8;8;2;0;77;G;Major
604;24529;0;2864791672;533;167;3,595;6;;98;F#;Minor
605;14749;0;2288695111;188;34;710;0;5;84;B;Minor
606;8087;0;720825549;92;34;131;0;0;102;G#;Major
607;27221;0;2086124197;308;118;4,534;2;77;120;G#;Major
608;49991;9;1690192927;265;121;12,367;4;160;117;C#;Major
609;6646;0;991336132;107;47;584;1;;72;A;Minor
610;5403;6;593917618;118;116;96;0;3;168;C#;Major
611;755;4;200972675;22;3;0;0;0;94;C#;Major
612;254;0;71014967;0;4;23;0;0;145;G#;Major
613;6308;5;560222750;114;15;63;0;2;134;C#;Major
614;51979;15;1806617704;306;99;5,063;2;120;148;C#;Major
615;246;0;77337771;2;12;10;0;0;127;E;Minor
616;6556;0;528544703;93;5;67;1;0;172;F#;Minor
617;5728;0;865640097;85;87;179;0;12;90;B;Major
618;16636;12;2159346687;368;155;2,854;6;121;96;G;Major
619;461;0;211372494;10;56;17;0;0;138;G;Minor
620;4893;4;651732901;143;24;110;0;70;120;G;Major
621;1801;2;608334048;77;134;74;0;2;125;A;Major
622;12043;0;863756573;209;54;710;0;18;123;D;Major
623;4731;0;797402345;141;12;78;0;0;81;F#;Major
624;22923;0;1695712020;78;46;2,515;1;0;171;C#;Major
625;9974;2;1759567999;272;67;1,066;1;19;91;B;Major
626;1560;0;223319934;72;0;0;0;0;84;G;Minor
627;620;0;54937991;17;3;3;0;0;115;F;Minor
628;3270;0;226897599;89;21;65;0;0;125;;Major
629;580;0;258316038;24;92;93;0;0;122;F#;Minor
630;3406;16;596152090;61;23;70;1;0;92;D;Major
631;903;0;177129919;30;26;15;0;0;90;F#;Minor
632;6809;28;716591492;151;102;175;5;29;94;E;Minor
633;33966;0;1210599487;141;78;6,591;1;0;93;B;Major
634;590;5;246376690;4;113;20;0;1;130;D;Minor
635;3766;0;496311364;76;0;102;0;2;180;G;Minor
636;1430;0;146789379;46;1;34;0;0;134;;Major
637;31762;0;843309044;142;40;5,451;1;953;95;D#;Minor
638;4049;0;500340342;119;6;85;1;1;184;F#;Major
639;2096;0;107255472;34;3;30;0;0;147;G#;Minor
640;1175;0;135079152;34;1;31;0;0;123;G;Major
641;29499;11;822239726;124;27;587;0;4;123;A#;Minor
642;30427;7;1202722675;235;106;5,221;1;35;90;F#;Minor
643;2711;0;343197054;105;12;51;0;12;160;D;Minor
644;4310;0;240769997;13;0;113;1;3;115;C#;Major
645;5342;0;426204830;33;123;7;0;4;141;D#;Major
646;2393;0;421135627;22;13;65;0;6;160;A;Major
647;3444;7;554875730;24;85;102;0;1;145;B;Major
648;5443;0;467727006;45;1;80;0;12;89;;Minor
649;272;4;327498031;7;21;2;0;0;95;F;Minor
650;975;0;185408548;11;0;10;0;0;160;D;Major
651;18773;0;579395142;128;17;1,663;0;0;92;G;Major
652;19067;0;675039469;78;15;1,674;0;3;134;G#;Major
653;3541;2;252871192;57;13;50;1;7;172;B;Minor
654;1492;0;231996128;44;63;91;0;24;80;A;Major
655;33206;1;1929770265;284;114;1,481;0;5;150;C#;Minor
656;17115;0;918915401;83;63;4,18;0;0;80;F#;Minor
657;6955;0;1180896317;65;45;398;0;1;166;A#;Minor
658;2742;0;498960285;5;1;62;0;0;120;G#;Major
659;4214;11;685071800;21;20;40;0;0;92;;Major
660;2026;0;258714692;47;3;42;12;6;85;G#;Minor
661;352;0;143139338;10;0;39;0;0;154;D;Minor
662;1517;0;209768491;42;7;15;0;4;92;D;Minor
663;847;0;64714573;25;0;14;0;0;140;B;Major
664;910;0;50746620;20;3;24;0;0;89;C#;Major
665;601;0;154119539;28;73;64;0;0;135;F;Minor
666;1800;0;181328253;43;36;46;13;4;140;G#;Minor
667;1930;0;370068639;3;0;28;0;1;82;D#;Major
668;33032;0;2280566092;363;129;3,895;0;28;79;D;Major
669;6332;0;563902868;47;116;266;0;0;88;F;Major
670;509;9;317622165;8;106;6;0;8;139;F;Major
671;971;2;291709698;35;104;93;1;0;124;;Minor
672;2578;0;203680270;8;67;66;0;0;80;G#;Minor
673;1064;0;81350745;42;1;26;0;0;120;C#;Minor
674;3618;0;282883169;21;86;138;0;2;80;E;Minor
675;1040;0;64787943;8;0;29;0;0;117;C#;Major
676;15010;2;2484812918;453;50;1,785;1;8;117;A;Minor
677;4708;0;461437791;13;7;55;0;1;140;F;Minor
678;13454;1;1439191367;246;71;519;2;5;99;G#;Major
679;4890;20;759208783;52;42;100;0;0;93;C#;Major
680;9514;0;368646862;45;27;1,197;0;43;106;G#;Major
681;3501;0;299634472;69;2;51;11;0;124;G;Major
682;6111;4;756907987;185;40;492;9;35;95;G#;Major
683;5415;32;682475162;46;16;53;1;2;96;A#;Minor
684;4673;2;546191065;123;113;180;1;4;92;E;Minor
685;1856;3;229473310;29;40;31;1;1;124;G;Major
686;200;2;202677468;12;4;0;0;0;72;F#;Major
687;1888;0;121913181;26;1;58;0;0;71;;Minor
688;911;2;208166039;45;0;99;1;1;135;A;Minor
689;2954;2;527033089;18;82;0;0;5;95;A#;Major
690;2844;2;394030335;29;2;35;1;0;180;A#;Minor
691;2939;0;193443895;42;0;24;0;0;150;E;Minor
692;695;11;299648208;16;41;13;1;1;189;G#;Major
693;328;0;182978249;10;21;7;0;9;85;;Major
694;866;16;319757142;27;84;32;7;11;140;G;Major
695;1550;0;109091573;0;0;14;0;0;81;;Major
696;1729;0;153240879;26;1;19;0;0;104;D;Minor
697;2005;0;346127840;16;5;43;0;7;129;B;Major
698;1188;0;312622938;13;1;15;0;1;94;C#;Minor
699;40112;3;2197010679;321;162;5,691;8;17;71;;Minor
700;3659;0;1200808494;11;10;267;0;7;146;A;Minor
701;9833;0;797196073;233;82;531;1;1;103;F#;Minor
702;50887;34;1970673297;315;160;6,284;1;46;124;D;Major
703;1473;0;263779030;2;0;12;0;10;138;D;Major
704;2226;0;339473453;36;2;11;0;14;126;A;Minor
705;23375;21;2204080728;336;188;2,692;3;30;103;B;Minor
706;28032;0;2591224264;315;159;2,179;0;44;95;G#;Major
707;290;0;135444283;9;66;10;0;0;200;B;Minor
708;42798;0;1457139296;217;136;6,508;1;;129;;Major
709;2605;0;236872197;15;48;50;0;3;98;F#;Minor
710;8737;0;694525298;163;32;137;15;12;107;G#;Major
711;1105;0;240661097;32;0;19;0;0;174;;Major
712;2499;21;421365166;68;24;43;1;0;92;G#;Major
713;2697;1;349746291;55;3;32;0;0;90;G;Major
714;2092;0;255120451;75;11;44;0;14;147;F;Major
715;1185;0;190981339;21;0;31;0;0;143;C#;Major
716;11985;0;924193303;79;80;250;3;10;101;D#;Minor
717;753;8;305771063;28;124;13;0;1;118;C#;Minor
718;2995;0;273005485;49;17;30;0;0;98;G;Minor
719;225;0;89566512;11;0;7;0;0;138;C#;Minor
720;9243;0;677389855;155;5;577;0;6;114;F;Minor
721;918;0;75476209;24;0;52;0;0;180;G;Minor
722;1959;9;408843328;52;25;32;0;10;145;B;Major
723;540;4;187772591;26;3;39;0;0;115;G#;Minor
724;859;0;178512385;14;0;11;0;0;82;A#;Major
725;1116;0;101780047;31;9;15;0;1;166;D;Major
726;273;2;118381354;12;2;4;0;0;92;;Major
727;686;2;146363130;11;6;12;0;15;108;F#;Major
728;226;0;126443991;5;0;4;0;1;84;E;Minor
729;1264;0;157990698;20;4;52;0;1;95;D#;Minor
730;870;0;176290831;32;0;49;0;0;135;D#;Minor
731;7556;0;1023187129;124;24;254;0;8;110;E;Major
732;1370;0;106933107;46;8;60;0;0;88;G;Major
733;315;2;139193812;27;2;31;0;0;119;C#;Minor
734;651;0;212234990;6;188;20;0;0;120;C#;Major
735;12382;0;1714490998;229;57;1,37;2;71;122;D;Major
736;625;0;197643795;10;2;13;0;1;98;F;Major
737;8429;1;807015863;85;24;200;0;2;140;E;Minor
738;52898;0;933815613;203;1;8,215;0;0;116;F#;Minor
739;3436;0;499710590;32;6;46;0;1;124;D#;Major
740;918;0;120847157;34;39;30;0;0;105;A;Minor
741;181;0;53909146;16;14;7;0;0;118;G#;Major
742;18778;3;2236667932;228;105;2,453;0;84;108;E;Major
743;22730;5;2123309722;289;87;2,43;0;36;100;E;Major
744;5542;0;301242089;52;16;65;0;206;140;D#;Minor
745;9021;0;723894473;242;49;272;21;24;109;A#;Minor
746;4627;0;237351106;38;13;32;0;0;101;C#;Minor
747;2229;0;461558540;27;44;24;0;5;78;F;Major
748;1112;6;417230415;7;30;13;1;1;93;;Minor
749;2575;0;156898322;4;5;12;0;51;87;G#;Major
750;3107;0;127309180;4;0;22;0;0;153;A#;Minor
751;1179;0;313113297;7;21;11;0;0;142;;Major
752;3486;0;173702135;20;10;33;0;0;96;A#;Minor
753;2942;0;271666301;42;28;43;0;0;125;;Major
754;1443;0;305650299;9;11;22;1;0;85;A#;Major
755;3028;0;123216717;22;0;23;0;0;140;C#;Minor
756;1796;8;479655659;8;25;18;1;0;196;B;Minor
757;2729;0;126191104;3;7;13;0;1;134;G;Major
758;1195;0;344055883;8;30;13;1;1;103;C#;Minor
759;892;3;338422004;10;24;11;0;0;130;C#;Major
760;1635;0;68895644;4;1;6;0;0;108;B;Major
761;2291;0;86176890;9;0;8;0;0;123;G#;Major
762;1029;28;403231558;5;28;9;0;0;152;B;Major
763;1681;7;319546754;10;30;13;0;33;108;D;Major
764;1480;0;61739839;1;0;5;0;0;72;A#;Minor
765;829;0;283359161;4;15;10;0;0;121;F#;Minor
766;2308;0;76831876;7;0;7;0;0;138;D#;Minor
767;1004;1;283332261;8;12;9;0;0;188;F;Minor
768;1367;0;307752576;48;4;34;1;0;110;C#;Major
769;1112;3;279737940;7;25;12;0;0;105;G#;Major
770;1209;0;212351890;9;7;14;0;1;118;G#;Major
771;9539;15;1304313953;162;116;355;7;0;176;D;Major
772;1992;0;150500965;35;0;3;0;0;158;B;Major
773;897;0;246127838;6;20;8;0;0;115;C#;Minor
774;2948;0;582863434;10;2;150;0;0;110;B;Minor
775;1860;0;58687425;1;0;3;0;0;174;A;Major
776;802;0;212109195;16;81;23;0;0;130;E;Major
777;2224;8;382199619;48;40;87;1;210;78;A#;Major
778;1103;0;41210087;0;0;0;0;0;104;G;Major
779;2265;0;231657891;93;12;173;11;3;121;G;Major
780;555;0;53729194;10;4;4;0;0;105;D;Major
781;2050;0;244741137;52;9;46;0;1;81;G;Major
782;1493;0;42485571;2;0;10;0;0;170;C#;Minor
783;1545;0;37778188;1;0;4;0;0;78;G;Major
784;2350;0;254218729;28;42;23;0;0;125;G#;Major
785;1929;0;53603447;2;0;4;0;0;92;E;Minor
786;710;4;160035717;16;11;18;0;0;140;B;Minor
787;1194;0;37091576;0;0;3;0;0;118;F;Minor
788;349;6;284249832;10;22;3;0;0;92;B;Minor
789;1890;0;33381454;3;0;2;0;0;140;G#;Minor
790;1308;2;184622518;23;16;9;0;5;174;C#;Major
791;4531;0;300983101;135;74;119;1;18;127;A#;Major
792;1657;0;121077868;15;3;3;0;0;96;B;Major
793;1351;0;106919680;26;1;17;0;0;150;G#;Minor
794;608;0;136996305;5;29;14;0;0;100;F#;Major
795;1211;0;65719930;31;0;19;0;2;105;C#;Minor
796;629;0;229497852;18;75;9;0;0;104;G;Major
797;1301;0;185550869;23;1;15;0;0;154;G#;Major
798;1329;0;54682594;42;51;32;0;0;80;B;Major
799;343;2;240580042;4;35;11;1;1;150;D#;Major
800;13101;9;1284942608;137;5;582;0;0;156;B;Minor
801;2939;0;71423324;29;0;30;0;0;98;G#;Minor
802;407;1;244891912;5;0;5;0;0;92;G;Major
803;1492;0;132171975;26;2;15;0;2;144;E;Major
804;2264;0;184706613;11;6;25;0;1;150;E;Major
805;801;0;184826429;42;9;24;1;1;138;D#;Major
806;829;0;302006641;32;110;26;0;0;172;C#;Major
807;736;0;330881149;5;132;17;0;3;77;G#;Major
808;4449;1;334733572;80;11;66;0;1;107;B;Major
809;3218;3;366214458;29;10;79;0;0;114;D;Major
810;327;0;114546317;5;40;12;0;0;117;D;Major
811;2775;0;290833204;21;11;40;0;0;146;;Major
812;4576;0;448500832;79;13;93;0;17;160;G#;Minor
813;2313;0;136676504;34;0;29;0;0;120;G;Major
814;3983;0;190625045;73;45;119;0;0;100;B;Minor
815;279;0;79095270;0;18;6;0;0;158;G#;Minor
816;2302;0;273194684;20;3;39;0;0;142;D#;Major
817;3559;3;333146475;36;1;31;0;1;170;A;Minor
818;2129;0;194902696;23;1;44;1;0;84;F;Minor
819;3291;5;311482393;43;28;79;0;208;139;;Major
820;5328;0;195918494;54;76;900;0;0;151;G;Major
821;1933;0;233671263;13;2;31;0;0;118;G;Major
822;1986;0;199587884;7;1;15;0;0;183;F;Major
823;1057;0;91781263;51;14;19;0;0;83;D#;Minor
824;5115;13;383835984;109;38;301;1;33;122;C#;Major
825;2094;1;236060709;8;1;18;0;0;165;A;Major
826;2171;0;189236868;18;1;28;0;0;106;A;Minor
827;896;0;160845341;19;0;15;0;0;77;B;Major
828;5148;0;588955257;90;22;365;0;114;91;G#;Major
829;2528;0;238350348;63;8;270;2;105;148;G;Major
830;1900;1;187703102;15;1;23;0;0;114;E;Minor
831;3879;2;295307001;107;76;86;1;9;120;;Minor
832;896;0;138334433;0;0;2;0;0;92;F#;Major
833;8775;0;445590495;33;60;107;1;0;118;F;Major
834;5290;0;286739476;139;73;142;0;5;123;E;Minor
835;10211;0;1122364376;38;79;65;0;1;89;D#;Major
836;584;8;157136970;12;1;8;0;1;110;F;Minor
837;1517;0;137070925;26;2;30;0;0;118;;Major
838;246;4;183273246;4;106;0;0;7;90;B;Minor
839;220;4;184807630;16;5;0;0;6;130;;Major
840;514;0;164856284;5;36;1;0;0;154;F#;Minor
841;6080;0;704171068;112;198;406;1;0;105;E;Minor
842;9724;0;354614964;222;61;259;14;2;115;C#;Minor
843;2341;0;279717388;37;2;38;2;0;110;C#;Major
844;5263;0;195628667;66;89;61;0;11;125;E;Minor
845;2402;0;221752937;45;2;26;0;1;102;C#;Major
846;795;11;263280370;26;18;15;1;4;120;G#;Minor
847;571;0;213505179;19;21;14;0;2;97;D;Major
848;832;3;130419412;18;124;24;1;0;140;F;Minor
849;565;0;155795783;6;52;11;0;0;97;D;Major
850;41231;1;1553497987;228;151;6,72;3;99;125;F#;Major
851;4526;12;293466523;156;275;150;3;128;88;D#;Minor
852;1818;0;711366595;3;0;63;0;353;170;;Major
853;2814;0;191448892;38;105;25;0;2;137;A#;Minor
854;1601;0;85924992;11;0;2;0;0;157;A;Major
855;894;4;176103902;28;0;54;0;0;130;F#;Major
856;945;0;121189256;49;3;57;0;0;90;C#;Major
857;767;0;131746175;25;0;22;0;0;183;G#;Minor
858;5898;5;244790012;129;55;128;0;101;128;C#;Major
859;685;2;129314708;17;0;24;0;30;130;D#;Minor
860;1452;35;331511413;16;15;20;0;0;126;C#;Major
861;1456;0;219196651;53;2;33;0;0;120;;Major
862;2107;0;170732845;51;1;50;0;0;130;E;Minor
863;1494;2;273914335;17;12;15;0;0;122;;Major
864;1379;4;179061440;23;10;18;0;0;172;G#;Minor
865;625;4;185236961;13;18;12;0;0;103;G#;Major
866;2688;0;171788484;39;47;36;0;0;122;A#;Minor
867;2668;2;387080183;38;266;78;0;141;130;B;Major
868;799;12;264717480;14;141;9;0;1;105;A#;Minor
869;1189;6;244928911;17;10;16;0;4;120;F;Major
870;367;0;97610446;28;67;195;0;0;145;G;Major
871;527;4;287278853;10;43;3;1;0;99;G;Minor
872;17504;34;887906111;63;39;1,315;0;2;88;A#;Minor
873;685;5;295152154;15;79;4;2;0;136;;Major
874;782;9;323455692;15;33;6;1;0;113;G#;Major
875;2442;0;240918092;81;4;248;1;6;132;B;Major
876;1112;4;191873381;22;2;65;1;3;135;G#;Major
877;4967;0;284216603;165;10;177;4;73;126;;Major
878;2520;4;239411309;93;95;84;9;202;102;C#;Minor
879;767;12;265548837;20;129;11;0;12;125;;Major
880;19806;7;703301727;33;11;274;0;0;149;C#;Major
881;5153;6;244585109;102;53;113;12;0;137;;Major
882;615;0;189476119;14;77;15;1;2;120;D#;Minor
883;2537;0;277132266;49;1;67;11;1;100;C#;Major
884;1647;30;278920007;20;49;23;2;2;164;G#;Minor
885;2019;8;222410722;117;72;107;1;7;93;A#;Minor
886;1473;12;185392587;25;36;25;1;0;180;C#;Minor
887;1613;0;202452860;21;15;13;0;0;79;C#;Major
888;30992;6;1608164312;124;25;7,827;1;0;146;F;Major
889;10826;4;624101957;24;0;805;0;0;103;C#;Major
890;920;0;148461629;10;1;8;0;0;140;E;Minor
891;308;0;47093942;6;1;6;0;0;92;A#;Major
892;2468;0;380319238;15;0;0;0;0;102;C#;Minor
893;1097;2;209106362;18;10;13;1;1;118;B;Minor
894;330;0;53987404;3;0;2;0;0;93;D;Major
895;1584;0;115331792;38;0;24;0;0;150;F;Minor
896;1585;5;225093344;78;65;328;1;198;130;D;Major
897;766;0;84697729;16;0;9;0;0;83;D#;Minor
898;836;0;159240673;14;1;13;0;0;102;A;Major
899;430;6;170709584;14;116;9;0;11;136;E;Minor
900;2020;0;154356956;77;10;119;0;40;145;A;Major
901;6858;0;723043854;31;21;15;0;4;130;G;Major
902;3682;6;247689123;41;0;158;2;68;156;G;Major
903;1639;0;176474912;86;14;80;0;37;123;D;Major
904;452;10;235549288;2;129;13;0;1;132;G;Major
905;668;1;140430339;0;0;31;0;;125;D#;Minor
906;991;0;85559365;36;38;13;0;3;162;F;Minor
907;869;7;146223492;14;12;12;2;28;138;A#;Major
908;648;4;187701588;0;0;30;0;0;161;A#;Minor
909;1545;0;154863153;22;7;15;0;0;131;G#;Minor
910;1930;0;191333656;24;8;17;0;1;122;E;Minor
911;1948;0;253650850;12;9;16;0;0;80;E;Minor
912;1608;0;223064273;10;3;12;0;0;109;G;Major
913;1338;0;170413877;9;20;7;0;0;158;A;Major
914;1936;0;218320587;7;5;13;0;0;126;E;Major
915;1794;0;141720999;26;9;17;0;3;104;C#;Major
916;1597;0;187339835;6;3;15;0;0;110;;Major
917;1652;2;198365537;26;52;10;0;95;130;G;Major
918;1747;0;186104310;9;6;13;0;2;177;;Major
919;486;0;71095708;8;1;7;0;0;114;D;Minor
920;1007;0;112436403;6;5;3;0;0;144;F;Major
921;481;9;203436468;10;100;15;1;27;125;F;Major
922;1045;0;93367537;8;5;2;0;0;142;F;Minor
923;1060;0;106249219;3;8;5;0;0;120;D;Major
924;1274;0;181382590;1;6;11;0;0;96;F;Major
925;953;0;91473363;61;13;37;1;0;144;A;Major
926;1180;0;121871870;4;0;8;0;0;166;F#;Major
927;573;0;73513683;2;0;7;0;0;92;C#;Major
928;1320;0;133895612;29;26;17;0;0;97;C#;Major
929;782;2;96007391;27;18;32;1;0;90;E;Minor
