Index;danceability_%;valence_%;energy_%;acousticness_%;instrumentalness_%;liveness_%;speechiness_%
1;80;89;83;31;0;8;4
2;71;61;74;7;0;10;4
3;51;32;53;17;0;31;6
4;55;58;72;11;0;11;15
5;65;23;80;14;63;11;6
6;92;66;58;19;0;8;24
7;67;83;76;48;0;8;3
8;67;26;71;37;0;11;4
9;85;22;62;12;0;28;9
10;81;56;48;21;0;8;33
11;57;56;72;23;0;27;5
12;78;52;82;18;0;15;7
13;71;65;68;6;0;3;7
14;51;32;43;83;0;9;3
15;52;66;73;34;0;31;6
16;64;43;73;5;17;16;4
17;78;76;59;43;0;34;3
18;44;14;9;96;0;10;3
19;86;67;66;14;0;12;16
20;63;36;73;0;0;36;4
21;65;87;74;22;0;42;4
22;69;82;76;6;0;6;3
23;48;44;42;12;2;11;3
24;85;83;68;7;0;36;20
25;79;96;86;9;0;9;9
26;80;82;80;43;0;14;4
27;81;74;71;14;0;56;4
28;52;52;68;46;0;15;4
29;67;78;85;2;0;33;5
30;74;35;84;0;0;11;6
31;56;63;87;39;0;11;5
32;71;17;61;36;0;8;5
33;64;51;63;12;0;19;5
34;72;61;63;67;0;9;28
35;81;63;68;11;0;11;4
36;61;39;73;37;0;11;3
37;75;57;68;9;0;13;6
38;60;48;79;0;0;12;4
39;79;96;85;27;0;11;6
40;56;84;65;23;0;10;6
41;76;91;50;54;0;7;5
42;56;38;97;4;0;35;4
43;56;58;56;37;0;11;10
44;77;75;58;52;0;23;25
45;67;49;64;10;0;10;3
46;71;82;81;11;0;6;5
47;59;51;52;9;0;15;7
48;68;49;59;16;0;13;28
49;53;50;53;23;0;44;7
50;72;17;64;7;0;10;5
51;60;23;91;0;0;12;3
52;92;55;70;18;0;15;7
53;67;96;88;12;19;8;4
54;45;13;54;70;0;9;4
55;50;38;80;0;0;9;7
56;64;88;72;51;0;17;5
57;84;85;68;58;0;22;4
58;86;42;72;59;0;9;19
59;61;53;58;55;0;27;4
60;86;59;96;50;1;9;5
61;70;86;81;25;0;25;5
62;88;72;59;62;0;9;3
63;77;53;64;74;0;17;14
64;90;40;59;0;0;10;29
65;43;28;66;0;0;23;3
66;64;10;62;7;0;48;7
67;59;71;42;55;0;10;7
68;56;48;73;0;0;35;4
69;51;22;53;1;0;15;3
70;77;84;89;17;0;43;5
71;76;53;53;44;0;9;9
72;51;14;59;65;18;25;3
73;61;41;81;5;2;10;3
74;49;42;62;9;0;11;3
75;58;27;48;50;0;12;3
76;71;24;47;1;0;27;9
77;78;58;73;5;0;10;7
78;68;40;79;33;0;30;6
79;48;50;73;43;0;15;4
80;34;32;57;78;0;20;3
81;63;36;34;76;0;35;9
82;50;20;64;1;0;12;3
83;59;48;76;4;0;10;5
84;78;70;68;3;1;11;4
85;50;45;41;75;0;11;3
86;91;43;71;9;0;9;8
87;82;40;66;39;51;25;7
88;63;84;82;70;8;9;7
89;71;67;60;19;0;12;3
90;74;76;76;6;0;10;9
91;68;14;76;4;0;10;4
92;62;19;53;11;0;6;4
93;53;34;47;9;0;83;4
94;83;69;44;15;0;10;33
95;49;17;35;71;9;11;3
96;56;39;55;14;0;11;13
97;56;24;66;7;0;12;3
98;62;57;59;3;0;38;3
99;43;50;55;50;0;15;10
100;68;17;71;15;0;11;5
101;50;37;90;0;0;12;5
102;62;24;67;21;0;13;28
103;81;53;72;51;0;12;5
104;54;50;40;61;0;10;6
105;80;92;80;4;0;10;3
106;61;45;69;2;0;9;3
107;77;65;72;2;0;7;5
108;61;47;68;0;0;13;3
109;74;37;53;7;0;21;10
110;51;18;44;76;0;11;3
111;77;79;62;33;1;15;3
112;65;49;78;0;0;17;4
113;64;54;81;36;0;11;6
114;70;47;52;30;0;6;33
115;55;30;78;24;0;12;8
116;84;96;71;18;0;34;17
117;82;89;85;4;0;23;6
118;51;42;61;53;0;9;3
119;75;79;63;33;0;15;4
120;64;31;87;4;4;8;4
121;74;68;68;3;0;26;4
122;49;78;64;19;0;11;4
123;81;39;60;31;0;7;3
124;87;57;55;10;0;29;7
125;63;88;93;3;0;10;8
126;55;56;82;12;0;34;5
127;35;12;30;93;0;10;3
128;82;69;83;3;0;27;5
129;80;74;77;36;0;11;4
130;42;20;86;21;0;9;9
131;52;20;85;0;0;7;5
132;75;48;53;18;0;18;34
133;76;96;72;32;0;9;4
134;60;17;45;16;0;11;2
135;56;20;55;45;1;32;3
136;77;74;78;4;0;23;11
137;84;65;50;67;0;13;6
138;92;67;66;0;0;36;9
139;79;92;89;5;0;6;5
140;59;52;48;38;5;10;11
141;65;27;69;8;0;53;4
142;45;33;59;6;0;8;3
143;60;24;35;73;0;31;3
144;74;96;80;18;0;5;5
145;81;90;77;1;0;9;5
146;78;70;81;57;0;10;5
147;47;86;92;8;0;5;24
148;69;61;71;33;0;31;20
149;73;87;70;6;0;28;5
150;50;85;52;11;0;28;6
151;54;40;67;0;0;9;17
152;66;48;71;6;0;12;4
153;61;41;74;21;0;40;6
154;73;31;69;6;0;11;4
155;78;89;83;10;0;12;5
156;86;74;80;33;0;8;6
157;77;36;63;1;0;36;5
158;45;24;62;8;0;16;3
159;68;61;82;2;0;50;3
160;68;51;60;3;0;19;10
161;82;73;45;54;0;7;3
162;45;10;37;97;25;64;4
163;73;60;77;3;0;11;4
164;60;43;27;94;0;14;4
165;65;51;55;73;0;14;3
166;55;42;53;17;0;22;3
167;33;38;71;20;0;28;5
168;57;84;94;11;0;37;9
169;71;40;50;16;0;16;22
170;65;95;80;5;0;41;16
171;70;81;63;4;0;8;4
172;56;53;64;11;0;45;6
173;83;93;65;58;0;9;8
174;67;40;52;86;0;12;4
175;70;37;54;6;0;9;8
176;53;12;34;1;0;12;4
177;34;24;56;4;0;11;3
178;37;17;47;2;46;11;3
179;74;36;63;26;0;27;5
180;54;54;55;67;0;42;11
181;70;59;75;24;0;9;4
182;63;46;85;1;0;9;5
183;57;41;66;63;0;12;5
184;54;75;60;30;0;7;5
185;63;49;73;5;0;9;3
186;65;19;72;10;0;13;25
187;50;67;89;0;0;19;8
188;48;37;41;32;0;10;10
189;74;76;70;7;0;13;3
190;84;52;77;12;0;7;4
191;62;55;80;15;0;37;7
192;81;18;64;3;0;10;11
193;57;86;90;2;0;9;5
194;75;35;48;84;0;10;12
195;77;79;73;15;0;27;10
196;56;53;55;53;0;12;4
197;89;67;78;9;0;7;33
198;67;24;78;15;0;30;4
199;85;53;68;40;0;9;4
200;78;5;30;21;0;13;5
201;82;51;39;2;0;9;49
202;70;42;43;78;0;11;3
203;80;85;74;62;0;8;9
204;73;45;62;28;0;13;13
205;84;64;39;3;0;11;4
206;78;39;53;30;0;11;6
207;54;25;74;14;0;9;11
208;71;58;70;30;0;32;19
209;62;7;62;6;0;58;6
210;72;45;59;14;0;20;21
211;78;90;84;31;0;7;4
212;74;61;83;11;0;35;6
213;66;85;60;40;0;14;13
214;66;32;40;81;0;11;3
215;95;62;52;3;0;5;16
216;80;69;78;28;0;11;14
217;76;61;58;6;0;16;3
218;71;59;56;4;0;27;12
219;59;26;60;46;1;25;13
220;63;75;92;31;0;91;5
221;69;69;51;63;0;38;4
222;78;64;69;4;0;7;14
223;43;14;74;1;0;19;8
224;79;58;62;11;0;11;23
225;82;47;62;10;0;10;15
226;82;54;44;6;0;33;7
227;78;20;70;1;0;16;4
228;73;10;44;26;0;16;8
229;80;23;48;14;0;6;5
230;59;63;89;18;0;80;9
231;91;63;58;52;0;31;22
232;49;4;55;7;0;6;3
233;47;27;78;11;0;10;8
234;34;25;51;69;0;18;4
235;56;42;52;5;0;36;24
236;60;13;37;58;0;13;3
237;84;55;47;26;0;20;64
238;83;25;69;4;0;23;12
239;67;55;67;60;0;80;5
240;95;78;66;3;0;4;6
241;84;96;79;43;0;18;11
242;65;46;53;16;0;9;5
243;44;27;32;89;0;14;5
244;62;56;66;18;0;12;5
245;50;44;76;10;0;32;5
246;80;38;88;11;0;11;5
247;70;83;84;31;0;47;30
248;77;69;58;39;0;26;5
249;52;57;48;86;0;15;39
250;44;36;41;50;0;38;5
251;79;58;78;34;0;11;25
252;51;27;33;48;0;22;3
253;77;94;66;65;0;38;3
254;68;38;88;1;0;8;5
255;74;75;73;42;0;9;4
256;93;47;47;33;0;10;36
257;77;35;88;16;0;17;9
258;94;71;61;12;0;53;42
259;60;10;57;1;0;50;3
260;72;40;47;71;0;13;4
261;87;53;52;66;1;11;5
262;90;74;68;14;0;10;19
263;57;80;59;8;0;6;5
264;79;82;86;28;0;4;9
265;76;80;81;19;0;6;9
266;76;26;70;1;0;41;6
267;70;35;41;41;0;10;3
268;92;78;62;18;0;6;10
269;84;88;53;35;0;8;7
270;69;36;90;1;10;15;4
271;59;69;53;12;0;23;3
272;75;55;76;25;0;10;15
273;56;57;87;0;1;10;4
274;59;15;64;43;90;12;10
275;80;33;70;22;0;9;4
276;70;77;48;37;0;12;5
277;59;56;82;12;0;12;6
278;32;17;74;14;0;17;3
279;54;19;48;36;0;37;5
280;82;67;69;0;0;18;4
281;89;61;66;17;0;36;16
282;45;17;60;21;0;33;4
283;62;32;76;0;0;39;4
284;70;86;68;24;0;11;4
285;77;84;71;35;0;15;4
286;70;6;73;1;0;36;26
287;80;64;76;2;0;20;6
288;82;53;67;34;0;9;8
289;73;44;57;39;0;32;6
290;65;71;56;4;0;15;20
291;71;80;65;51;0;22;32
292;70;70;79;7;0;18;10
293;48;50;80;40;0;37;20
294;73;22;86;31;0;12;4
295;78;75;46;62;0;12;35
296;67;11;76;8;47;30;7
297;71;90;73;30;0;11;5
298;74;79;87;45;0;30;3
299;65;63;79;3;0;10;3
300;59;22;38;42;0;12;3
301;72;42;66;18;4;19;4
302;70;76;79;26;0;11;7
303;64;18;37;72;0;12;7
304;90;96;73;62;0;9;4
305;73;64;85;25;0;61;3
306;76;46;79;31;0;7;6
307;81;64;79;5;0;31;3
308;71;57;97;1;0;13;11
309;63;40;61;9;0;56;6
310;95;43;69;47;0;9;31
311;58;46;67;65;0;13;4
312;60;77;78;45;0;12;6
313;40;45;56;69;0;9;5
314;36;12;57;9;0;14;8
315;90;64;14;67;35;11;10
316;71;41;31;79;0;10;5
317;77;72;87;17;0;7;5
318;83;58;83;21;0;10;5
319;70;34;55;43;0;16;6
320;50;24;86;0;0;64;4
321;64;30;77;46;0;38;6
322;68;81;82;53;0;9;13
323;61;92;91;0;0;26;3
324;59;20;74;1;0;15;5
325;64;67;80;0;0;36;3
326;66;43;76;49;0;12;3
327;84;44;67;8;0;11;6
328;56;72;85;0;0;15;3
329;57;68;76;7;0;33;3
330;74;51;45;86;0;21;38
331;56;20;43;89;0;12;4
332;68;83;81;9;0;8;4
333;59;44;56;80;0;6;3
334;73;65;79;5;2;11;6
335;79;66;74;8;0;11;5
336;50;49;76;12;0;12;3
337;70;29;73;12;0;11;26
338;58;26;38;91;0;10;4
339;36;28;28;81;0;18;3
340;86;68;79;39;0;11;29
341;59;78;94;27;0;29;23
342;59;49;65;2;0;13;3
343;87;82;70;42;0;21;5
344;49;48;67;10;0;26;3
345;72;96;63;25;0;21;7
346;53;51;70;49;0;14;3
347;55;40;90;1;0;32;6
348;81;97;77;75;0;35;3
349;82;61;59;30;0;12;4
350;74;43;69;12;0;12;7
351;88;43;50;7;0;14;5
352;76;49;56;80;12;10;13
353;53;40;36;73;0;11;33
354;72;59;76;24;0;42;28
355;75;18;25;78;0;11;26
356;65;72;95;31;0;92;5
357;75;43;65;15;0;11;32
358;73;88;57;56;0;5;2
359;66;47;40;72;0;11;3
360;66;16;57;10;1;12;3
361;84;72;74;10;0;34;7
362;53;61;81;5;0;36;4
363;60;52;76;17;0;19;5
364;74;64;73;6;0;10;6
365;70;40;51;35;0;10;4
366;80;29;67;29;0;12;3
367;58;42;68;1;0;14;4
368;53;32;66;38;0;9;3
369;56;56;63;13;0;19;27
370;70;84;90;17;0;41;6
371;64;25;89;0;0;15;9
372;88;82;80;8;0;11;8
373;66;74;84;25;0;21;4
374;79;60;68;7;0;26;4
375;82;55;45;15;3;9;10
376;25;17;30;90;0;13;3
377;64;31;72;15;0;9;5
378;65;80;86;9;0;19;10
379;81;82;78;38;0;12;4
380;82;62;74;10;0;33;7
381;44;38;77;9;0;9;20
382;51;62;79;22;13;14;3
383;71;34;88;16;0;44;4
384;70;57;64;23;0;8;32
385;68;83;71;3;0;31;8
386;41;9;25;84;1;14;4
387;68;50;49;56;0;8;4
388;47;25;43;62;0;32;3
389;77;65;80;6;0;15;4
390;79;59;86;4;0;8;11
391;71;83;89;1;0;17;9
392;80;71;69;2;0;27;10
393;46;34;64;31;0;7;34
394;79;68;79;1;0;10;8
395;58;4;60;7;41;8;3
396;64;61;91;15;0;72;4
397;74;89;70;2;0;5;6
398;41;9;61;2;0;12;5
399;40;23;48;5;0;12;3
400;87;20;83;0;4;31;9
401;87;52;52;31;0;28;24
402;40;39;64;21;0;7;7
403;46;60;28;91;0;21;4
404;47;15;52;38;13;29;5
405;91;97;57;38;0;40;29
406;90;76;81;15;24;33;6
407;81;6;84;5;23;6;6
408;49;24;66;19;0;18;29
409;64;44;65;28;0;14;12
410;95;91;89;6;0;31;24
411;63;20;55;72;0;6;6
412;39;24;43;39;0;23;3
413;80;46;62;3;6;11;46
414;67;26;64;52;0;17;10
415;58;17;62;18;0;20;8
416;81;59;90;5;0;36;3
417;58;29;94;0;0;9;11
418;70;31;34;60;1;11;4
419;46;53;78;23;0;72;6
420;70;92;83;1;0;7;6
421;82;88;76;9;0;12;9
422;65;36;47;31;0;12;10
423;84;70;69;1;0;5;5
424;58;44;57;57;0;10;3
425;65;49;80;22;4;7;5
426;74;51;74;2;0;29;4
427;34;33;63;16;0;7;4
428;74;88;65;28;0;46;3
429;70;85;41;71;0;45;5
430;74;78;37;84;0;6;3
431;35;38;23;91;0;29;3
432;46;53;63;5;0;30;18
433;24;76;60;77;0;12;4
434;45;72;24;91;0;18;4
435;72;33;51;48;0;9;3
436;51;69;81;0;0;21;5
437;50;96;82;47;0;34;4
438;65;70;47;87;0;9;4
439;67;88;54;51;0;9;4
440;53;84;77;40;0;32;3
441;65;35;65;44;18;21;7
442;71;55;26;85;0;13;8
443;33;39;61;32;0;77;3
444;73;71;69;53;0;32;9
445;67;81;36;64;0;15;3
446;36;22;15;84;0;11;4
447;75;74;58;36;0;9;3
448;60;23;57;0;2;27;3
449;62;59;43;84;3;11;5
450;60;19;20;78;0;11;5
451;72;91;87;14;0;13;3
452;60;86;32;88;0;34;6
453;51;51;66;67;0;9;23
454;67;22;59;76;1;15;16
455;23;19;25;91;0;40;3
456;51;87;58;36;0;18;4
457;34;35;76;39;0;8;5
458;43;42;44;57;0;15;6
459;53;47;74;9;0;34;4
460;72;78;68;28;0;11;12
461;59;60;94;24;0;10;4
462;73;72;32;77;0;15;5
463;67;69;72;17;0;19;3
464;70;92;59;3;0;10;3
465;49;42;77;3;0;12;9
466;54;41;39;51;0;11;16
467;80;15;54;9;0;38;5
468;70;57;57;9;20;11;7
469;69;96;36;81;0;8;4
470;47;33;68;24;0;22;38
471;79;77;46;5;0;11;7
472;66;19;32;69;0;12;4
473;64;4;40;6;0;10;6
474;89;48;74;30;0;7;36
475;70;39;56;6;0;9;7
476;80;42;68;2;0;66;4
477;63;93;88;1;0;12;4
478;87;51;69;36;0;9;8
479;45;35;68;78;0;39;8
480;83;47;80;2;0;24;9
481;69;94;71;79;0;7;8
482;51;94;34;73;0;10;5
483;61;48;55;67;0;16;8
484;33;51;59;76;0;44;6
485;63;34;86;26;0;21;39
486;70;42;54;30;0;37;5
487;70;91;79;3;0;7;10
488;70;60;58;4;0;16;3
489;60;45;47;62;0;31;5
490;65;82;74;27;0;32;5
491;85;64;81;2;5;7;9
492;58;83;45;36;0;11;8
493;76;44;77;1;0;13;3
494;80;62;51;2;0;9;8
495;74;35;73;0;0;21;5
496;67;50;67;15;0;30;4
497;53;50;79;0;0;8;3
498;70;35;77;1;0;26;4
499;56;68;66;28;0;11;18
500;49;49;59;44;0;35;21
501;77;74;66;30;0;13;3
502;75;85;84;10;0;31;19
503;66;19;61;30;0;9;7
504;61;76;51;30;0;38;15
505;74;53;73;61;0;13;4
506;27;10;49;62;0;49;5
507;65;37;58;2;0;4;31
508;28;13;41;50;0;19;3
509;74;55;85;1;0;5;22
510;68;72;78;4;0;7;5
511;71;59;80;13;0;36;5
512;75;36;76;12;0;10;10
513;64;14;70;9;0;9;8
514;83;40;55;16;0;14;23
515;75;46;76;3;0;9;4
516;31;31;24;76;0;14;4
517;56;16;67;0;0;11;4
518;29;12;33;68;0;12;5
519;59;69;61;84;0;46;36
520;59;21;43;76;0;10;7
521;82;52;61;38;0;14;27
522;63;21;52;28;0;9;3
523;77;25;62;34;0;23;3
524;53;55;73;9;0;3;5
525;70;61;44;40;0;37;4
526;46;55;50;71;0;10;11
527;65;46;47;12;0;13;16
528;79;79;70;57;0;66;8
529;40;7;29;62;0;9;3
530;57;36;58;5;0;15;3
531;83;11;41;0;0;36;14
532;73;79;86;42;0;7;18
533;81;57;63;40;1;10;4
534;58;44;60;44;9;5;6
535;63;85;62;6;0;35;4
536;77;40;47;2;0;9;3
537;44;52;94;11;0;4;29
538;75;93;86;8;0;14;3
539;63;49;68;38;0;42;18
540;73;14;57;40;0;11;5
541;56;58;55;35;0;23;11
542;73;60;85;17;0;24;5
543;72;67;68;0;0;14;4
544;70;57;49;19;0;12;8
545;86;31;53;43;0;11;6
546;79;70;36;0;0;6;11
547;77;49;42;1;1;13;19
548;83;44;62;2;0;8;6
549;44;22;60;61;0;42;9
550;75;74;77;1;0;9;10
551;74;39;65;5;1;11;35
552;66;18;68;9;0;12;4
553;67;78;63;29;0;12;5
554;66;63;69;21;0;11;7
555;59;72;62;18;0;9;3
556;85;22;37;13;0;7;30
557;77;51;79;20;0;26;6
558;53;75;69;7;0;17;3
559;77;82;30;95;0;13;5
560;59;56;63;12;0;6;36
561;46;23;48;75;30;14;4
562;42;47;36;76;0;9;5
563;35;41;94;0;63;5;5
564;77;51;79;5;0;16;5
565;59;33;52;7;15;12;3
566;68;29;73;0;0;7;7
567;83;59;73;6;0;5;11
568;70;76;72;22;0;27;4
569;72;54;71;26;0;10;4
570;86;86;79;11;0;8;9
571;63;31;35;93;0;29;3
572;39;36;45;81;0;8;13
573;80;21;55;1;0;26;17
574;91;79;66;32;0;9;16
575;45;19;60;63;0;9;6
576;79;56;91;26;0;13;21
577;73;52;76;13;0;5;3
578;76;63;77;14;0;15;22
579;96;71;42;57;0;8;9
580;40;19;29;86;0;34;4
581;67;40;90;3;0;34;6
582;80;24;62;41;2;11;23
583;73;66;80;44;0;9;12
584;75;96;61;0;0;18;4
585;46;62;83;53;0;97;28
586;81;92;90;9;0;8;7
587;61;59;46;56;0;13;5
588;74;45;89;5;0;26;13
589;79;79;84;2;0;5;5
590;73;31;45;85;24;11;3
591;78;65;52;46;0;12;31
592;60;11;33;90;0;8;5
593;45;12;57;7;0;23;3
594;78;47;70;18;0;15;9
595;76;58;84;10;0;13;10
596;63;76;67;38;0;6;4
597;52;7;61;51;0;11;3
598;64;8;37;79;0;9;5
599;53;66;85;2;0;24;4
600;75;53;74;2;0;11;5
601;80;33;60;0;0;32;14
602;77;26;63;58;0;11;5
603;73;54;74;23;0;41;23
604;82;54;59;69;0;18;10
605;44;22;48;38;0;33;24
606;89;77;82;3;0;17;11
607;42;33;26;92;0;13;3
608;52;73;91;0;0;11;7
609;45;27;33;82;0;14;4
610;67;29;47;5;0;22;26
611;52;68;69;13;0;33;8
612;41;65;88;0;0;26;5
613;71;14;61;1;0;23;33
614;35;24;93;0;0;10;8
615;60;40;89;9;0;60;6
616;74;79;66;11;0;8;16
617;75;19;46;21;4;34;8
618;57;30;40;38;0;26;3
619;74;65;67;46;0;36;4
620;72;67;72;0;0;13;4
621;70;65;74;1;0;34;4
622;82;80;86;1;0;30;13
623;79;44;54;41;0;13;24
624;55;10;85;7;0;8;20
625;77;60;32;84;0;8;5
626;56;61;76;10;0;14;11
627;90;74;54;16;0;13;28
628;69;70;89;4;0;49;3
629;80;62;69;28;0;13;7
630;85;92;54;16;0;29;7
631;63;75;75;17;0;11;8
632;84;90;70;9;0;14;8
633;81;53;78;18;0;6;24
634;51;50;76;30;0;10;7
635;35;23;61;23;0;19;6
636;53;31;31;92;0;28;3
637;92;31;89;3;0;8;25
638;69;91;63;11;0;9;31
639;47;50;80;10;0;32;38
640;52;44;60;40;0;26;3
641;91;49;61;3;0;17;22
642;90;79;71;26;0;7;37
643;61;65;64;1;0;12;4
644;60;37;71;8;0;48;4
645;37;17;67;2;0;34;9
646;31;30;88;7;0;8;8
647;57;23;66;4;6;15;4
648;46;43;43;23;8;8;22
649;84;49;72;8;0;15;8
650;60;47;62;3;0;38;4
651;77;76;84;3;0;38;4
652;93;61;74;9;0;17;8
653;31;4;86;1;0;28;17
654;76;92;62;6;0;8;13
655;91;42;60;0;0;9;12
656;78;53;74;4;0;45;21
657;81;83;75;14;0;29;34
658;67;8;54;27;0;8;4
659;86;89;79;17;0;11;6
660;74;61;52;30;0;26;9
661;79;86;52;66;0;9;7
662;73;37;74;28;0;14;6
663;89;75;70;6;0;13;5
664;65;60;60;11;0;10;40
665;89;89;86;16;0;8;5
666;51;66;53;60;0;11;18
667;47;44;76;8;91;9;3
668;78;58;45;47;0;18;3
669;31;31;63;47;27;21;12
670;44;18;38;70;0;12;4
671;73;68;83;55;0;90;7
672;39;45;55;73;0;9;21
673;84;54;51;47;0;12;40
674;56;19;46;92;72;11;3
675;92;62;86;11;0;24;24
676;76;77;52;4;0;8;3
677;62;46;73;10;0;67;11
678;68;57;77;2;0;10;5
679;74;59;87;3;0;8;5
680;44;8;20;74;42;11;3
681;81;68;63;17;0;10;22
682;76;96;70;18;0;33;4
683;87;82;53;10;0;5;8
684;81;40;73;15;0;9;8
685;95;36;37;35;0;10;28
686;64;76;44;70;9;12;4
687;28;26;20;19;0;30;3
688;78;55;57;4;0;10;8
689;81;56;70;4;0;5;24
690;80;71;68;6;0;10;37
691;65;11;58;0;0;12;9
692;55;86;44;40;0;7;4
693;72;55;64;49;0;7;4
694;59;73;45;44;0;34;3
695;77;68;70;6;0;17;20
696;80;24;65;2;0;9;4
697;42;33;44;62;0;8;6
698;76;81;80;20;0;25;4
699;41;23;40;27;0;30;5
700;59;23;46;66;0;15;6
701;69;90;88;5;0;29;8
702;53;66;78;0;0;16;5
703;69;35;57;12;0;10;9
704;67;37;46;13;0;10;39
705;61;47;65;3;0;17;4
706;75;64;52;41;0;11;3
707;39;28;77;4;0;6;29
708;86;75;52;54;0;10;4
709;68;33;43;38;0;36;14
710;91;32;56;3;0;11;10
711;58;56;83;5;0;7;4
712;45;27;67;32;0;13;14
713;81;59;83;9;0;11;5
714;60;58;69;2;0;58;4
715;68;41;55;16;0;10;12
716;76;63;71;3;0;10;3
717;70;54;71;0;0;33;4
718;83;63;74;14;0;16;6
719;72;22;46;24;0;9;6
720;59;30;62;1;0;8;4
721;63;45;64;34;0;9;8
722;56;41;57;1;0;13;3
723;78;63;64;1;0;7;4
724;79;48;84;13;0;21;23
725;70;22;61;2;0;10;34
726;86;91;79;29;0;60;16
727;71;55;44;74;0;11;6
728;71;63;45;45;0;11;3
729;69;90;91;6;0;35;4
730;93;77;45;25;0;13;27
731;57;6;27;84;0;9;3
732;89;59;64;5;0;19;7
733;87;28;50;12;0;10;10
734;58;71;80;15;0;7;41
735;86;97;80;36;0;9;6
736;78;83;75;41;0;27;8
737;45;25;84;21;0;13;6
738;79;87;81;4;0;10;4
739;86;62;49;51;0;35;21
740;91;73;72;13;0;9;15
741;68;24;58;44;0;6;3
742;61;20;38;61;0;10;5
743;61;53;38;84;0;28;44
744;81;39;66;38;0;12;14
745;84;72;74;10;0;34;7
746;78;40;74;36;0;17;27
747;56;61;90;36;0;18;31
748;79;22;55;31;0;12;5
749;52;32;83;24;0;17;43
750;55;50;78;19;0;11;35
751;87;93;59;28;0;17;5
752;85;41;43;39;0;12;21
753;50;39;78;4;0;11;33
754;71;43;65;23;0;9;5
755;92;78;57;46;0;14;9
756;66;58;79;23;0;22;20
757;78;51;43;69;0;14;9
758;80;45;62;76;0;10;38
759;82;50;67;12;0;13;5
760;65;52;69;31;0;8;36
761;61;66;71;53;0;32;46
762;84;74;69;21;0;18;6
763;78;55;60;59;0;7;4
764;56;56;47;76;0;8;36
765;86;67;65;42;0;35;7
766;57;71;82;19;0;15;29
767;50;41;50;69;0;12;6
768;80;26;85;23;0;11;21
769;81;77;79;19;0;47;8
770;63;60;70;5;0;9;31
771;61;24;62;60;0;24;31
772;83;41;65;0;10;11;8
773;85;72;58;9;0;49;12
774;51;48;82;0;0;5;3
775;73;26;54;30;0;34;32
776;91;91;96;3;0;3;9
777;36;30;54;34;0;14;5
778;44;74;42;88;0;9;9
779;64;80;88;0;0;12;6
780;83;32;82;14;0;12;4
781;38;20;66;9;0;9;8
782;37;14;24;80;0;11;4
783;43;60;38;76;1;48;38
784;88;28;66;6;0;13;31
785;66;29;65;23;0;8;7
786;84;61;42;31;0;9;9
787;66;83;43;84;0;19;19
788;71;67;60;7;0;6;4
789;49;50;37;87;0;11;35
790;68;45;71;18;0;11;25
791;77;53;78;19;0;29;4
792;71;37;52;62;0;11;36
793;82;82;66;13;0;11;6
794;87;46;60;1;0;13;16
795;73;59;81;13;0;9;6
796;86;43;62;5;0;13;14
797;54;45;79;1;0;17;5
798;47;33;83;18;0;10;5
799;53;14;43;64;0;13;3
800;32;49;72;0;0;9;4
801;76;79;81;18;0;6;34
802;58;27;36;86;0;9;3
803;47;7;50;32;0;7;4
804;37;27;56;8;0;13;3
805;70;31;44;84;0;9;39
806;56;68;89;4;0;33;19
807;72;70;82;2;0;4;17
808;72;36;72;26;6;11;4
809;51;39;29;90;0;10;4
810;63;29;51;43;0;25;4
811;69;63;45;48;0;18;4
812;80;74;60;8;0;14;26
813;88;15;56;1;0;8;6
814;82;76;70;16;0;8;5
815;60;68;84;4;0;24;11
816;56;40;54;72;0;10;4
817;80;77;85;11;0;17;14
818;71;39;86;2;0;51;25
819;58;30;46;14;0;9;3
820;73;88;67;20;0;32;5
821;56;20;54;67;0;6;5
822;65;88;72;36;14;20;3
823;63;29;62;4;0;18;4
824;85;42;80;6;0;17;14
825;72;90;48;32;0;18;23
826;83;90;64;35;5;9;4
827;81;68;58;83;0;11;34
828;57;30;89;10;0;33;8
829;51;21;63;5;0;41;3
830;71;90;81;31;2;13;3
831;91;63;77;12;1;10;5
832;83;56;82;10;0;9;5
833;56;25;45;1;3;7;3
834;60;46;71;3;0;16;4
835;52;28;48;54;1;19;3
836;81;61;93;49;0;12;11
837;42;32;20;94;0;11;4
838;68;54;76;21;0;11;20
839;49;14;40;82;0;11;3
840;70;97;62;47;0;10;4
841;54;59;83;0;44;20;4
842;70;87;88;4;0;26;8
843;91;59;82;8;0;6;8
844;51;5;68;12;2;15;6
845;73;62;75;0;0;34;8
846;81;72;65;4;0;14;4
847;80;36;86;4;0;3;5
848;44;41;92;0;0;44;7
849;78;31;72;1;0;11;4
850;45;67;90;9;11;10;5
851;80;55;56;13;0;8;9
852;56;52;64;11;0;45;7
853;88;8;49;9;0;9;14
854;88;52;69;0;0;8;23
855;95;83;57;54;0;10;25
856;85;80;83;10;0;8;11
857;44;44;67;7;0;12;13
858;58;68;91;2;0;27;11
859;71;78;40;46;0;7;45
860;63;56;43;24;0;12;23
861;77;94;87;2;0;23;12
862;72;18;46;7;0;28;8
863;70;46;76;30;0;9;45
864;74;46;58;15;0;13;8
865;61;38;62;14;0;23;40
866;55;46;64;0;0;17;10
867;47;56;90;0;0;10;4
868;81;70;65;24;0;8;4
869;90;73;51;39;0;9;6
870;56;43;53;24;0;12;4
871;79;64;59;28;0;11;14
872;79;66;65;5;0;25;14
873;77;71;75;33;1;13;4
874;70;97;59;55;0;27;12
875;82;49;88;20;0;21;3
876;77;74;74;47;0;34;8
877;67;49;77;11;0;19;11
878;67;72;74;30;0;36;4
879;68;80;92;10;0;9;12
880;37;28;66;14;0;9;5
881;74;71;89;24;61;15;5
882;77;78;91;14;0;33;12
883;90;75;50;11;0;9;26
884;70;58;57;25;0;15;7
885;65;79;66;31;0;22;7
886;65;52;80;5;0;6;25
887;34;22;31;43;63;10;7
888;56;21;44;73;0;11;2
889;37;17;27;75;5;10;3
890;70;26;76;8;0;54;23
891;81;48;70;13;0;15;7
892;64;4;60;11;0;19;4
893;82;75;85;33;1;11;4
894;78;75;62;6;0;15;6
895;70;26;56;14;83;11;5
896;52;24;60;0;0;8;3
897;65;24;53;6;0;51;4
898;84;43;75;5;0;6;8
899;73;65;91;4;0;48;18
900;66;24;58;17;0;19;5
901;57;24;37;11;18;16;3
902;72;92;77;9;0;8;11
903;57;50;85;5;0;16;4
904;92;53;62;7;0;63;10
905;49;13;74;0;0;9;4
906;74;22;67;0;0;11;46
907;80;82;81;14;0;13;36
908;59;62;60;12;0;5;44
909;91;23;55;1;0;7;32
910;75;45;63;6;0;35;12
911;80;16;28;17;0;12;39
912;75;11;50;20;0;30;17
913;84;33;36;2;0;39;59
914;66;12;35;55;0;9;14
915;73;25;61;1;0;32;7
916;48;15;31;80;22;12;4
917;77;20;70;1;0;16;5
918;34;39;16;97;0;12;5
919;62;25;44;51;33;14;3
920;93;62;61;0;0;12;20
921;54;22;76;0;0;14;3
922;85;40;43;4;0;39;32
923;64;11;53;1;0;25;27
924;57;55;74;22;0;8;4
925;60;24;39;57;0;8;3
926;42;7;24;83;1;12;6
927;80;81;67;4;0;8;6
928;82;67;77;8;0;12;5
929;61;32;67;15;0;11;5
